http://pages.cs.wisc.edu/~akella/ akella
http://www.cs.utoronto.ca/~aws/ Aws
http://pages.cs.wisc.edu/~remzi/ remzi
http://pages.cs.wisc.edu/~dusseau/ dusseau
http://pages.cs.wisc.edu/~bach/ bach
http://pages.cs.wisc.edu/~suman/ suman
http://pages.cs.wisc.edu/~pb/ pb
http://pages.cs.wisc.edu/~jyc/ jyc
http://pages.cs.wisc.edu/~shuchi/ shuchi
http://pages.cs.wisc.edu/~anhai/ anhai
http://pages.cs.wisc.edu/~dyer/ dyer
http://pages.cs.wisc.edu/~ferris/ ferris
http://pages.cs.wisc.edu/~gleicher/ gleicher
http://www.cs.wisc.edu/~markhill markhill
http://pages.cs.wisc.edu/~jha/ jha
http://pages.cs.wisc.edu/~joseph/ joseph
http://pages.cs.wisc.edu/~liblit/ liblit
http://pages.cs.wisc.edu/~miron/ miron
http://pages.cs.wisc.edu/~bart/ bart
http://bilgemutlu.com/ bilge
http://pages.cs.wisc.edu/~naughton/ naughton
http://pages.cs.wisc.edu/~jignesh/ jignesh
http://pages.cs.wisc.edu/~reps/ reps
http://pages.cs.wisc.edu/~rist/ rist
http://pages.cs.wisc.edu/~amos/ amos
http://pages.cs.wisc.edu/~karu/wiki/ karu
http://pages.cs.wisc.edu/~shavlik/ shavlik
http://pages.cs.wisc.edu/~sifakis/ sifakis
http://pages.cs.wisc.edu/~bsnyder/ bsnyder
http://www.cs.wisc.edu/people/songlh songlh
